[
  {
    "id": 1756728451843,
    "tarih": "2025-09-01T12:07:31.843Z",
    "tur": "Görüş",
    "mesaj": "gorusmesaj",
    "okundu": false
  },
  {
    "id": 1756826915534,
    "tarih": "2025-09-02T15:28:35.534Z",
    "tur": "Görüş",
    "mesaj": "gorusmesaji",
    "okundu": false
  },
  {
    "id": 1756826921926,
    "tarih": "2025-09-02T15:28:41.926Z",
    "tur": "Öneri",
    "mesaj": "öneri mesajı",
    "okundu": false
  },
  {
    "id": 1756826928457,
    "tarih": "2025-09-02T15:28:48.457Z",
    "tur": "Şikayet",
    "mesaj": "şikayet mesajı",
    "okundu": false
  }
]