[
  {
    "id": 1752056148321,
    "personelId": 1752055895654,
    "tur": "Adli Sicil Kaydı",
    "dosya": "1752056148318.png"
  },
  {
    "id": 1752147783650,
    "personelId": 1752055895654,
    "tur": "Diploma",
    "dosya": "1752147783649.xls"
  },
  {
    "id": 1756721612421,
    "personelId": 1756470781205,
    "tur": "Adli Sicil Kaydı",
    "dosya": "1756721612416.pdf"
  },
  {
    "id": 1756725172534,
    "personelId": 1756470781205,
    "tur": "Vesikalık",
    "dosya": "1756725171543.jpg"
  }
]